ID,Full Name,Country,Role,Company,Company Size,Email
1,Laura Davis,Spain,CFO,Global Industries,10000+,laura.davis@example.com
2,Jane Davis,Spain,Designer,Innovate Ltd,5001-10000,jane.davis@business.org
3,Alex Brown,Italy,Consultant,Alpha Inc,501-1000,alex.brown@enterprise.net
4,Linda Miller,Australia,CFO,Alpha Inc,10000+,linda.miller@example.com
5,Emily Martinez,Spain,Consultant,Acme Corp,1-10,emily.martinez@enterprise.net
6,John Brown,France,CFO,Acme Corp,201-500,john.brown@company.com
7,David Martinez,Australia,Engineer,Alpha Inc,5001-10000,david.martinez@company.com
8,Alex Rodriguez,Germany,Designer,Gamma PLC,1-10,alex.rodriguez@example.com
9,David Martinez,USA,Consultant,Global Industries,10000+,david.martinez@company.com
10,Michael Davis,India,Engineer,Gamma PLC,1-10,michael.davis@business.org
11,Michael Jones,Canada,Developer,Innovate Ltd,10000+,michael.jones@example.com
12,Michael Rodriguez,France,Manager,Beta LLC,11-50,michael.rodriguez@company.com
13,Michael Martinez,UK,Analyst,Global Industries,1-10,michael.martinez@company.com
14,Robert Smith,Germany,CFO,Tech Solutions,10000+,robert.smith@enterprise.net
15,John Brown,UK,Designer,Innovate Ltd,5001-10000,john.brown@example.com
16,Michael Johnson,UK,Developer,Gamma PLC,1-10,michael.johnson@enterprise.net
17,Michael Davis,UK,Manager,Acme Corp,501-1000,michael.davis@company.com
18,Alex Garcia,Canada,CEO,Beta LLC,1-10,alex.garcia@enterprise.net
19,John Williams,USA,CEO,Acme Corp,1-10,john.williams@enterprise.net
20,Emily Johnson,Germany,Analyst,Gamma PLC,51-200,emily.johnson@enterprise.net
21,Michael Miller,Australia,Analyst,Global Industries,5001-10000,michael.miller@example.com
22,David Rodriguez,UK,CEO,Tech Solutions,201-500,david.rodriguez@company.com
23,David Johnson,India,Engineer,Global Industries,10000+,david.johnson@example.com
24,Robert Smith,Brazil,Developer,Alpha Inc,5001-10000,robert.smith@business.org
25,Alex Martinez,Germany,Designer,Gamma PLC,1-10,alex.martinez@business.org
26,David Martinez,Australia,Developer,Alpha Inc,51-200,david.martinez@company.com
27,Alex Smith,Canada,Designer,Tech Solutions,1-10,alex.smith@business.org
28,John Miller,Australia,Intern,Alpha Inc,201-500,john.miller@company.com
29,Robert Rodriguez,UK,CTO,Beta LLC,1-10,robert.rodriguez@company.com
30,Michael Garcia,UK,CEO,Gamma PLC,11-50,michael.garcia@enterprise.net
31,Michael Miller,Italy,CTO,Tech Solutions,1001-5000,michael.miller@company.com
32,Linda Jones,Canada,Consultant,Acme Corp,201-500,linda.jones@example.com
33,Linda Johnson,Italy,CEO,Global Industries,1-10,linda.johnson@company.com
34,Robert Rodriguez,Spain,CTO,Acme Corp,10000+,robert.rodriguez@enterprise.net
35,David Davis,Spain,CTO,Acme Corp,11-50,david.davis@enterprise.net
36,David Williams,India,Developer,Global Industries,1001-5000,david.williams@example.com
37,Robert Rodriguez,Australia,Manager,Tech Solutions,1001-5000,robert.rodriguez@example.com
38,Laura Smith,India,Designer,Innovate Ltd,51-200,laura.smith@company.com
39,John Davis,France,Intern,Tech Solutions,1-10,john.davis@business.org
40,Michael Miller,Italy,CEO,Alpha Inc,201-500,michael.miller@example.com
41,Jane Davis,UK,Consultant,Alpha Inc,201-500,jane.davis@example.com
42,Sarah Rodriguez,Spain,CEO,Innovate Ltd,501-1000,sarah.rodriguez@example.com
43,Emily Davis,Canada,Analyst,Innovate Ltd,1001-5000,emily.davis@enterprise.net
44,Robert Smith,India,Manager,Innovate Ltd,1-10,robert.smith@enterprise.net
45,Alex Jones,Brazil,Engineer,Beta LLC,5001-10000,alex.jones@example.com
46,Michael Brown,Australia,Intern,Acme Corp,501-1000,michael.brown@example.com
47,Sarah Miller,Canada,Manager,Beta LLC,5001-10000,sarah.miller@enterprise.net
48,John Davis,India,CFO,Acme Corp,501-1000,john.davis@business.org
49,Michael Williams,USA,Developer,Tech Solutions,1-10,michael.williams@company.com
50,John Johnson,Canada,Consultant,Beta LLC,11-50,john.johnson@enterprise.net
51,Jane Jones,Germany,Designer,Acme Corp,501-1000,jane.jones@enterprise.net
52,Michael Garcia,Canada,Manager,Beta LLC,10000+,michael.garcia@business.org
53,Alex Martinez,Italy,CTO,Tech Solutions,11-50,alex.martinez@enterprise.net
54,John Rodriguez,Brazil,Consultant,Alpha Inc,1001-5000,john.rodriguez@enterprise.net
55,Alex Martinez,Germany,CFO,Innovate Ltd,51-200,alex.martinez@enterprise.net
56,Robert Garcia,Germany,CFO,Gamma PLC,201-500,robert.garcia@example.com
57,Robert Brown,Australia,Engineer,Beta LLC,1001-5000,robert.brown@company.com
58,Robert Martinez,USA,CFO,Beta LLC,1001-5000,robert.martinez@example.com
59,Sarah Johnson,USA,CTO,Innovate Ltd,5001-10000,sarah.johnson@enterprise.net
60,David Johnson,France,Engineer,Alpha Inc,1-10,david.johnson@business.org
61,Laura Jones,Brazil,Analyst,Innovate Ltd,1001-5000,laura.jones@business.org
62,David Jones,India,Designer,Beta LLC,5001-10000,david.jones@enterprise.net
63,Robert Jones,France,Intern,Acme Corp,501-1000,robert.jones@example.com
64,Laura Williams,USA,Developer,Beta LLC,10000+,laura.williams@example.com
65,David Jones,USA,Designer,Tech Solutions,11-50,david.jones@example.com
66,David Williams,Canada,CTO,Gamma PLC,11-50,david.williams@company.com
67,Sarah Rodriguez,France,CFO,Beta LLC,201-500,sarah.rodriguez@example.com
68,Alex Martinez,Australia,CFO,Global Industries,501-1000,alex.martinez@company.com
69,Robert Garcia,India,CFO,Innovate Ltd,5001-10000,robert.garcia@company.com
70,Sarah Smith,Australia,Consultant,Acme Corp,11-50,sarah.smith@business.org
71,Robert Miller,USA,Engineer,Acme Corp,11-50,robert.miller@company.com
72,Emily Martinez,USA,Analyst,Alpha Inc,10000+,emily.martinez@business.org
73,Linda Brown,Italy,Engineer,Acme Corp,1-10,linda.brown@example.com
74,Sarah Brown,UK,Developer,Tech Solutions,1-10,sarah.brown@company.com
75,Michael Brown,France,CTO,Alpha Inc,1-10,michael.brown@company.com
76,David Jones,France,Designer,Tech Solutions,1-10,david.jones@example.com
77,Alex Williams,Italy,Engineer,Acme Corp,1-10,alex.williams@enterprise.net
78,Jane Miller,France,Consultant,Gamma PLC,201-500,jane.miller@enterprise.net
79,Sarah Jones,Australia,CFO,Innovate Ltd,501-1000,sarah.jones@enterprise.net
80,Emily Davis,Spain,Developer,Acme Corp,1001-5000,emily.davis@company.com
81,Jane Miller,India,Consultant,Beta LLC,5001-10000,jane.miller@example.com
82,Sarah Williams,Australia,Analyst,Gamma PLC,51-200,sarah.williams@company.com
83,Alex Brown,Spain,Analyst,Innovate Ltd,5001-10000,alex.brown@business.org
84,Laura Davis,India,CFO,Gamma PLC,11-50,laura.davis@company.com
85,Alex Rodriguez,Canada,Consultant,Gamma PLC,501-1000,alex.rodriguez@example.com
86,Michael Johnson,India,CTO,Gamma PLC,11-50,michael.johnson@enterprise.net
87,Michael Martinez,Spain,CTO,Tech Solutions,10000+,michael.martinez@company.com
88,Michael Smith,Brazil,CFO,Gamma PLC,501-1000,michael.smith@enterprise.net
89,Sarah Jones,Italy,CTO,Global Industries,5001-10000,sarah.jones@example.com
90,Alex Martinez,Spain,CFO,Innovate Ltd,201-500,alex.martinez@business.org
91,Michael Smith,Germany,Designer,Tech Solutions,51-200,michael.smith@example.com
92,Jane Davis,USA,Manager,Innovate Ltd,5001-10000,jane.davis@business.org
93,Laura Jones,Brazil,CEO,Acme Corp,1-10,laura.jones@example.com
94,Linda Miller,Spain,Analyst,Beta LLC,11-50,linda.miller@company.com
95,Emily Jones,Spain,Engineer,Tech Solutions,1-10,emily.jones@example.com
96,Robert Davis,Canada,Manager,Tech Solutions,51-200,robert.davis@enterprise.net
97,Michael Rodriguez,France,Analyst,Global Industries,1-10,michael.rodriguez@example.com
98,David Johnson,Canada,Consultant,Innovate Ltd,11-50,david.johnson@business.org
99,John Smith,Brazil,CTO,Beta LLC,51-200,john.smith@business.org
100,Sarah Rodriguez,India,Manager,Alpha Inc,11-50,sarah.rodriguez@example.com
101,Linda Martinez,Germany,Engineer,Global Industries,51-200,linda.martinez@example.com
102,Alex Johnson,Brazil,CEO,Acme Corp,51-200,alex.johnson@business.org
103,David Johnson,Canada,Developer,Tech Solutions,501-1000,david.johnson@enterprise.net
104,Linda Jones,USA,Manager,Global Industries,10000+,linda.jones@company.com
105,Robert Martinez,Germany,Developer,Gamma PLC,11-50,robert.martinez@business.org
106,Linda Martinez,India,Analyst,Acme Corp,1-10,linda.martinez@business.org
107,David Williams,Spain,Engineer,Acme Corp,501-1000,david.williams@business.org
108,Sarah Martinez,India,Consultant,Beta LLC,11-50,sarah.martinez@enterprise.net
109,Robert Garcia,Italy,Manager,Alpha Inc,1-10,robert.garcia@enterprise.net
110,John Johnson,India,CFO,Tech Solutions,201-500,john.johnson@company.com
111,David Rodriguez,Australia,Consultant,Innovate Ltd,10000+,david.rodriguez@business.org
112,Laura Martinez,Italy,CFO,Gamma PLC,10000+,laura.martinez@business.org
113,Alex Rodriguez,France,CEO,Global Industries,1001-5000,alex.rodriguez@business.org
114,Jane Smith,Australia,CEO,Beta LLC,1001-5000,jane.smith@enterprise.net
115,Jane Williams,France,Developer,Gamma PLC,5001-10000,jane.williams@company.com
116,David Garcia,Brazil,Engineer,Beta LLC,1-10,david.garcia@example.com
117,Robert Miller,UK,Engineer,Gamma PLC,51-200,robert.miller@business.org
118,John Rodriguez,Australia,Consultant,Gamma PLC,5001-10000,john.rodriguez@example.com
119,Michael Smith,USA,Manager,Innovate Ltd,1001-5000,michael.smith@enterprise.net
120,David Williams,India,CTO,Tech Solutions,11-50,david.williams@example.com
121,David Smith,USA,Consultant,Global Industries,501-1000,david.smith@enterprise.net
122,Michael Davis,Spain,CEO,Tech Solutions,1-10,michael.davis@company.com
123,Emily Williams,USA,Consultant,Acme Corp,501-1000,emily.williams@enterprise.net
124,Linda Johnson,UK,CTO,Gamma PLC,1-10,linda.johnson@enterprise.net
125,Alex Brown,India,Analyst,Gamma PLC,501-1000,alex.brown@example.com
126,David Martinez,France,CFO,Tech Solutions,1001-5000,david.martinez@business.org
127,Laura Martinez,Italy,Designer,Acme Corp,1001-5000,laura.martinez@example.com
128,Laura Brown,Spain,Manager,Global Industries,1001-5000,laura.brown@business.org
129,Jane Davis,Australia,Engineer,Acme Corp,10000+,jane.davis@company.com
130,Alex Brown,Spain,Intern,Alpha Inc,201-500,alex.brown@company.com
131,Robert Jones,Germany,Engineer,Gamma PLC,51-200,robert.jones@example.com
132,Jane Williams,USA,CEO,Alpha Inc,10000+,jane.williams@business.org
133,Jane Miller,Canada,Developer,Alpha Inc,5001-10000,jane.miller@example.com
134,Alex Brown,USA,Manager,Beta LLC,1-10,alex.brown@enterprise.net
135,Michael Smith,Australia,Developer,Beta LLC,501-1000,michael.smith@company.com
136,Sarah Smith,USA,Developer,Global Industries,10000+,sarah.smith@business.org
137,David Miller,UK,Designer,Innovate Ltd,1-10,david.miller@example.com
138,David Jones,Spain,Consultant,Global Industries,10000+,david.jones@example.com
139,Laura Johnson,Italy,Consultant,Innovate Ltd,201-500,laura.johnson@example.com
140,Laura Brown,India,Designer,Gamma PLC,201-500,laura.brown@example.com
141,John Johnson,Canada,Developer,Acme Corp,51-200,john.johnson@business.org
142,Alex Jones,France,Manager,Beta LLC,5001-10000,alex.jones@enterprise.net
143,Michael Jones,Australia,CEO,Beta LLC,201-500,michael.jones@company.com
144,Laura Martinez,France,CTO,Gamma PLC,501-1000,laura.martinez@enterprise.net
145,Robert Smith,Germany,Intern,Gamma PLC,201-500,robert.smith@example.com
146,Emily Johnson,India,Analyst,Global Industries,501-1000,emily.johnson@enterprise.net
147,Sarah Brown,Australia,Analyst,Gamma PLC,11-50,sarah.brown@enterprise.net
148,Jane Miller,USA,Designer,Alpha Inc,10000+,jane.miller@business.org
149,Laura Johnson,Canada,Analyst,Acme Corp,10000+,laura.johnson@business.org
150,Laura Johnson,Germany,Engineer,Alpha Inc,1001-5000,laura.johnson@enterprise.net
151,Alex Williams,USA,Manager,Alpha Inc,501-1000,alex.williams@business.org
152,Michael Smith,UK,Manager,Acme Corp,10000+,michael.smith@business.org
153,Laura Jones,India,Engineer,Alpha Inc,10000+,laura.jones@company.com
154,Robert Jones,USA,Manager,Alpha Inc,501-1000,robert.jones@business.org
155,Alex Johnson,Germany,CFO,Alpha Inc,201-500,alex.johnson@business.org
156,Emily Brown,Australia,Consultant,Global Industries,51-200,emily.brown@example.com
157,Emily Davis,USA,CEO,Gamma PLC,1-10,emily.davis@enterprise.net
158,Jane Johnson,Australia,Manager,Alpha Inc,5001-10000,jane.johnson@enterprise.net
159,Jane Garcia,Germany,CTO,Gamma PLC,1-10,jane.garcia@company.com
160,John Johnson,India,CEO,Acme Corp,201-500,john.johnson@company.com
161,Robert Miller,Spain,CEO,Beta LLC,501-1000,robert.miller@example.com
162,Robert Garcia,France,CEO,Tech Solutions,11-50,robert.garcia@enterprise.net
163,Sarah Davis,USA,Consultant,Innovate Ltd,1001-5000,sarah.davis@example.com
164,Michael Rodriguez,Australia,Manager,Global Industries,501-1000,michael.rodriguez@business.org
165,Emily Williams,France,Intern,Acme Corp,1-10,emily.williams@enterprise.net
166,Michael Williams,Canada,Designer,Acme Corp,10000+,michael.williams@example.com
167,John Garcia,France,CFO,Tech Solutions,501-1000,john.garcia@business.org
168,John Jones,India,Manager,Tech Solutions,1-10,john.jones@business.org
169,Emily Jones,Italy,Engineer,Acme Corp,501-1000,emily.jones@example.com
170,Sarah Miller,Australia,Designer,Global Industries,10000+,sarah.miller@company.com
171,Michael Williams,Canada,Consultant,Gamma PLC,10000+,michael.williams@enterprise.net
172,Linda Brown,Italy,Consultant,Tech Solutions,1001-5000,linda.brown@business.org
173,Alex Garcia,UK,Designer,Beta LLC,51-200,alex.garcia@example.com
174,Sarah Davis,UK,Manager,Tech Solutions,51-200,sarah.davis@company.com
175,Emily Smith,Canada,CFO,Tech Solutions,11-50,emily.smith@example.com
176,Jane Davis,USA,CFO,Global Industries,51-200,jane.davis@business.org
177,David Davis,Canada,Intern,Gamma PLC,1001-5000,david.davis@enterprise.net
178,David Davis,India,Consultant,Alpha Inc,1-10,david.davis@example.com
179,Laura Jones,France,Consultant,Acme Corp,11-50,laura.jones@enterprise.net
180,Emily Martinez,India,CEO,Tech Solutions,10000+,emily.martinez@company.com
181,Robert Jones,India,Consultant,Alpha Inc,201-500,robert.jones@example.com
182,Linda Smith,Brazil,Developer,Alpha Inc,11-50,linda.smith@business.org
183,Alex Jones,Canada,Consultant,Innovate Ltd,1001-5000,alex.jones@example.com
184,David Jones,France,CTO,Beta LLC,501-1000,david.jones@enterprise.net
185,Michael Williams,Australia,Intern,Acme Corp,201-500,michael.williams@example.com
186,Robert Garcia,Spain,Designer,Acme Corp,11-50,robert.garcia@company.com
187,Alex Davis,Brazil,Engineer,Global Industries,51-200,alex.davis@enterprise.net
188,Linda Williams,USA,Consultant,Innovate Ltd,1001-5000,linda.williams@enterprise.net
189,Alex Jones,India,Intern,Innovate Ltd,201-500,alex.jones@company.com
190,Jane Miller,Brazil,CFO,Tech Solutions,5001-10000,jane.miller@company.com
191,Linda Williams,Brazil,Engineer,Global Industries,1001-5000,linda.williams@enterprise.net
192,Laura Davis,Germany,Engineer,Innovate Ltd,5001-10000,laura.davis@company.com
193,Sarah Williams,USA,CTO,Alpha Inc,201-500,sarah.williams@company.com
194,Robert Jones,India,Consultant,Alpha Inc,10000+,robert.jones@enterprise.net
195,Robert Rodriguez,Brazil,Consultant,Innovate Ltd,51-200,robert.rodriguez@example.com
196,John Brown,Spain,Intern,Global Industries,501-1000,john.brown@company.com
197,Alex Williams,Australia,Engineer,Alpha Inc,5001-10000,alex.williams@company.com
198,Emily Williams,Germany,Designer,Gamma PLC,501-1000,emily.williams@enterprise.net
199,Linda Garcia,France,Designer,Innovate Ltd,1-10,linda.garcia@enterprise.net
200,Emily Jones,France,Intern,Innovate Ltd,51-200,emily.jones@company.com
201,Linda Brown,UK,Developer,Beta LLC,10000+,linda.brown@enterprise.net
202,Alex Garcia,Australia,CEO,Beta LLC,11-50,alex.garcia@example.com
203,John Jones,Canada,Intern,Acme Corp,10000+,john.jones@business.org
204,John Johnson,France,Manager,Gamma PLC,1001-5000,john.johnson@company.com
205,Linda Miller,Germany,Designer,Innovate Ltd,501-1000,linda.miller@enterprise.net
206,Robert Williams,Italy,CTO,Tech Solutions,11-50,robert.williams@example.com
207,Laura Martinez,USA,Analyst,Global Industries,1001-5000,laura.martinez@business.org
208,Linda Miller,Australia,CTO,Global Industries,51-200,linda.miller@example.com
209,Alex Garcia,UK,Developer,Gamma PLC,1-10,alex.garcia@enterprise.net
210,Sarah Miller,Australia,CFO,Tech Solutions,5001-10000,sarah.miller@business.org
211,Linda Miller,Germany,Consultant,Acme Corp,201-500,linda.miller@business.org
212,Sarah Miller,Australia,Engineer,Tech Solutions,201-500,sarah.miller@example.com
213,David Johnson,Australia,Manager,Innovate Ltd,10000+,david.johnson@business.org
214,David Miller,Australia,Intern,Beta LLC,1-10,david.miller@company.com
215,Emily Williams,Australia,Engineer,Tech Solutions,1001-5000,emily.williams@business.org
216,Robert Martinez,Spain,Consultant,Beta LLC,1-10,robert.martinez@enterprise.net
217,Robert Jones,Canada,Developer,Beta LLC,51-200,robert.jones@business.org
218,Michael Garcia,France,CTO,Beta LLC,11-50,michael.garcia@example.com
219,David Garcia,UK,CFO,Gamma PLC,10000+,david.garcia@example.com
220,Michael Davis,Germany,Analyst,Global Industries,501-1000,michael.davis@enterprise.net
221,Alex Garcia,Canada,Intern,Global Industries,10000+,alex.garcia@enterprise.net
222,David Smith,Australia,Engineer,Tech Solutions,501-1000,david.smith@company.com
223,Robert Rodriguez,France,Developer,Global Industries,11-50,robert.rodriguez@business.org
224,Linda Martinez,Italy,Intern,Acme Corp,201-500,linda.martinez@company.com
225,Laura Jones,USA,Engineer,Alpha Inc,11-50,laura.jones@enterprise.net
226,Jane Rodriguez,Italy,CEO,Gamma PLC,501-1000,jane.rodriguez@business.org
227,David Jones,Canada,CFO,Gamma PLC,5001-10000,david.jones@example.com
228,Laura Rodriguez,India,Engineer,Global Industries,201-500,laura.rodriguez@business.org
229,Laura Garcia,Spain,Developer,Gamma PLC,5001-10000,laura.garcia@example.com
230,Linda Smith,UK,Engineer,Acme Corp,11-50,linda.smith@enterprise.net
231,Michael Smith,Australia,CTO,Gamma PLC,201-500,michael.smith@enterprise.net
232,John Williams,Germany,Intern,Gamma PLC,51-200,john.williams@enterprise.net
233,Sarah Miller,Australia,Intern,Innovate Ltd,5001-10000,sarah.miller@company.com
234,Robert Miller,Spain,Developer,Global Industries,201-500,robert.miller@business.org
235,Linda Rodriguez,France,Consultant,Tech Solutions,1001-5000,linda.rodriguez@enterprise.net
236,John Williams,Brazil,CTO,Gamma PLC,5001-10000,john.williams@company.com
237,Sarah Martinez,Canada,Designer,Global Industries,201-500,sarah.martinez@business.org
238,Laura Brown,Canada,Designer,Global Industries,10000+,laura.brown@business.org
239,Linda Johnson,UK,Engineer,Acme Corp,11-50,linda.johnson@enterprise.net
240,Alex Smith,UK,Analyst,Global Industries,501-1000,alex.smith@enterprise.net
241,Alex Williams,Germany,Intern,Beta LLC,501-1000,alex.williams@example.com
242,Robert Miller,UK,CEO,Innovate Ltd,1-10,robert.miller@example.com
243,Laura Jones,Australia,Intern,Innovate Ltd,1-10,laura.jones@enterprise.net
244,Alex Williams,Canada,CEO,Acme Corp,5001-10000,alex.williams@business.org
245,Linda Williams,Canada,Designer,Innovate Ltd,5001-10000,linda.williams@company.com
246,Laura Garcia,Australia,Manager,Beta LLC,10000+,laura.garcia@business.org
247,David Johnson,Spain,Consultant,Acme Corp,51-200,david.johnson@company.com
248,Linda Davis,Italy,Developer,Global Industries,1001-5000,linda.davis@example.com
249,Robert Brown,USA,CFO,Gamma PLC,201-500,robert.brown@business.org
250,Robert Rodriguez,Australia,CTO,Acme Corp,51-200,robert.rodriguez@enterprise.net
251,Alex Jones,Brazil,Intern,Global Industries,1001-5000,alex.jones@example.com
252,Alex Martinez,France,Analyst,Innovate Ltd,201-500,alex.martinez@example.com
253,Jane Rodriguez,Spain,CTO,Gamma PLC,11-50,jane.rodriguez@enterprise.net
254,Jane Smith,Brazil,Engineer,Gamma PLC,51-200,jane.smith@company.com
255,Laura Garcia,India,Consultant,Tech Solutions,51-200,laura.garcia@enterprise.net
256,John Davis,UK,CTO,Tech Solutions,5001-10000,john.davis@example.com
257,Laura Rodriguez,Brazil,CFO,Beta LLC,501-1000,laura.rodriguez@example.com
258,Sarah Martinez,Germany,CFO,Alpha Inc,10000+,sarah.martinez@example.com
259,Alex Williams,Canada,Intern,Acme Corp,1-10,alex.williams@business.org
260,Robert Johnson,USA,CEO,Innovate Ltd,201-500,robert.johnson@business.org
261,Laura Martinez,Australia,Manager,Tech Solutions,1-10,laura.martinez@business.org
262,Alex Brown,Canada,CEO,Global Industries,1-10,alex.brown@example.com
263,Emily Davis,Brazil,Designer,Tech Solutions,201-500,emily.davis@enterprise.net
264,Jane Miller,Germany,Intern,Acme Corp,1-10,jane.miller@business.org
265,Laura Davis,UK,CEO,Acme Corp,1-10,laura.davis@company.com
266,John Johnson,Italy,Developer,Gamma PLC,501-1000,john.johnson@enterprise.net
267,Alex Smith,Germany,Intern,Alpha Inc,11-50,alex.smith@business.org
268,John Davis,Italy,Designer,Innovate Ltd,5001-10000,john.davis@enterprise.net
269,John Rodriguez,Spain,Developer,Tech Solutions,201-500,john.rodriguez@enterprise.net
270,David Williams,Spain,CEO,Gamma PLC,1-10,david.williams@company.com
271,Robert Davis,France,CTO,Acme Corp,5001-10000,robert.davis@company.com
272,Alex Johnson,Spain,Consultant,Acme Corp,5001-10000,alex.johnson@business.org
273,Laura Brown,Spain,Developer,Gamma PLC,5001-10000,laura.brown@enterprise.net
274,Michael Davis,Italy,Analyst,Tech Solutions,51-200,michael.davis@business.org
275,Jane Garcia,USA,CFO,Beta LLC,1-10,jane.garcia@enterprise.net
276,David Williams,Canada,Analyst,Alpha Inc,11-50,david.williams@example.com
277,Michael Rodriguez,Italy,Consultant,Alpha Inc,1-10,michael.rodriguez@business.org
278,David Davis,Australia,CTO,Acme Corp,10000+,david.davis@company.com
279,Jane Williams,Italy,Analyst,Innovate Ltd,1-10,jane.williams@business.org
280,John Johnson,France,Intern,Gamma PLC,10000+,john.johnson@example.com
281,Michael Davis,Germany,CEO,Beta LLC,51-200,michael.davis@business.org
282,Robert Garcia,Brazil,Engineer,Innovate Ltd,11-50,robert.garcia@business.org
283,Alex Martinez,India,Engineer,Innovate Ltd,1-10,alex.martinez@example.com
284,Michael Rodriguez,USA,Engineer,Global Industries,201-500,michael.rodriguez@example.com
285,Laura Rodriguez,USA,Consultant,Innovate Ltd,1-10,laura.rodriguez@example.com
286,Emily Smith,Canada,Developer,Alpha Inc,5001-10000,emily.smith@enterprise.net
287,Emily Martinez,USA,Consultant,Global Industries,1001-5000,emily.martinez@company.com
288,David Smith,USA,Consultant,Global Industries,1-10,david.smith@enterprise.net
289,David Garcia,Canada,CEO,Tech Solutions,501-1000,david.garcia@example.com
290,David Jones,UK,Analyst,Acme Corp,201-500,david.jones@company.com
291,John Miller,Canada,CEO,Tech Solutions,10000+,john.miller@business.org
292,Jane Miller,Germany,Consultant,Gamma PLC,11-50,jane.miller@enterprise.net
293,Michael Smith,Italy,CFO,Alpha Inc,1-10,michael.smith@company.com
294,Linda Smith,France,Manager,Beta LLC,1001-5000,linda.smith@example.com
295,Michael Miller,UK,Engineer,Tech Solutions,201-500,michael.miller@business.org
296,Emily Miller,India,Engineer,Acme Corp,10000+,emily.miller@company.com
297,David Johnson,UK,Developer,Acme Corp,1-10,david.johnson@example.com
298,David Johnson,Germany,Manager,Global Industries,501-1000,david.johnson@company.com
299,John Smith,Australia,Designer,Acme Corp,11-50,john.smith@example.com
300,Linda Brown,USA,Designer,Acme Corp,501-1000,linda.brown@enterprise.net
301,Robert Martinez,France,Intern,Tech Solutions,501-1000,robert.martinez@enterprise.net
302,Alex Smith,Brazil,Analyst,Global Industries,501-1000,alex.smith@example.com
303,Emily Martinez,Italy,CEO,Innovate Ltd,5001-10000,emily.martinez@business.org
304,Laura Garcia,UK,Developer,Innovate Ltd,51-200,laura.garcia@example.com
305,Emily Williams,Spain,Consultant,Tech Solutions,1-10,emily.williams@company.com
306,Alex Smith,Brazil,Engineer,Global Industries,201-500,alex.smith@example.com
307,Alex Martinez,Spain,Intern,Innovate Ltd,11-50,alex.martinez@enterprise.net
308,David Williams,France,Manager,Global Industries,1001-5000,david.williams@company.com
309,Sarah Martinez,Canada,CTO,Tech Solutions,1001-5000,sarah.martinez@business.org
310,Laura Williams,Brazil,Developer,Acme Corp,501-1000,laura.williams@business.org
311,John Miller,Spain,CFO,Tech Solutions,501-1000,john.miller@enterprise.net
312,Michael Davis,Spain,Intern,Gamma PLC,10000+,michael.davis@example.com
313,Sarah Davis,Italy,CEO,Gamma PLC,10000+,sarah.davis@enterprise.net
314,David Williams,France,Developer,Gamma PLC,501-1000,david.williams@enterprise.net
315,Jane Jones,Spain,CFO,Beta LLC,51-200,jane.jones@business.org
316,John Rodriguez,USA,Manager,Beta LLC,501-1000,john.rodriguez@enterprise.net
317,John Garcia,Spain,Designer,Innovate Ltd,51-200,john.garcia@enterprise.net
318,Jane Johnson,France,Analyst,Acme Corp,5001-10000,jane.johnson@company.com
319,Robert Miller,Italy,Intern,Global Industries,201-500,robert.miller@example.com
320,David Johnson,Canada,Designer,Innovate Ltd,11-50,david.johnson@enterprise.net
321,John Williams,Brazil,Engineer,Global Industries,201-500,john.williams@example.com
322,Jane Johnson,Brazil,Designer,Alpha Inc,1-10,jane.johnson@example.com
323,Sarah Garcia,Italy,CTO,Acme Corp,201-500,sarah.garcia@company.com
324,Michael Miller,France,Engineer,Beta LLC,5001-10000,michael.miller@business.org
325,Laura Johnson,Spain,Consultant,Innovate Ltd,5001-10000,laura.johnson@company.com
326,Michael Williams,Australia,Intern,Beta LLC,51-200,michael.williams@enterprise.net
327,Alex Smith,India,CEO,Alpha Inc,201-500,alex.smith@company.com
328,Linda Johnson,Australia,Engineer,Acme Corp,1-10,linda.johnson@business.org
329,Robert Brown,Canada,Manager,Acme Corp,11-50,robert.brown@enterprise.net
330,John Miller,France,Analyst,Innovate Ltd,501-1000,john.miller@enterprise.net
331,Linda Martinez,Brazil,Intern,Gamma PLC,11-50,linda.martinez@example.com
332,Robert Johnson,UK,Intern,Global Industries,51-200,robert.johnson@example.com
333,John Rodriguez,India,CTO,Gamma PLC,51-200,john.rodriguez@company.com
334,Robert Smith,USA,CTO,Acme Corp,501-1000,robert.smith@example.com
335,Robert Miller,USA,CFO,Tech Solutions,11-50,robert.miller@example.com
336,John Davis,Brazil,Manager,Gamma PLC,51-200,john.davis@enterprise.net
337,Jane Smith,Germany,Designer,Tech Solutions,501-1000,jane.smith@enterprise.net
338,Emily Brown,USA,Developer,Acme Corp,10000+,emily.brown@example.com
339,Linda Davis,Italy,Consultant,Alpha Inc,1001-5000,linda.davis@example.com
340,Laura Williams,Italy,Intern,Alpha Inc,5001-10000,laura.williams@company.com
341,David Davis,Brazil,CTO,Beta LLC,1-10,david.davis@business.org
342,Sarah Garcia,Australia,CEO,Alpha Inc,5001-10000,sarah.garcia@enterprise.net
343,David Johnson,Italy,Intern,Innovate Ltd,51-200,david.johnson@company.com
344,Linda Miller,Brazil,Designer,Acme Corp,1-10,linda.miller@example.com
345,Emily Martinez,Spain,CFO,Global Industries,5001-10000,emily.martinez@business.org
346,Laura Martinez,UK,Consultant,Global Industries,5001-10000,laura.martinez@business.org
347,Alex Rodriguez,India,Engineer,Acme Corp,201-500,alex.rodriguez@enterprise.net
348,Michael Brown,Italy,Engineer,Gamma PLC,1-10,michael.brown@business.org
349,Jane Martinez,Australia,Engineer,Tech Solutions,501-1000,jane.martinez@example.com
350,Laura Martinez,Italy,CFO,Gamma PLC,51-200,laura.martinez@enterprise.net
351,Jane Garcia,Canada,CEO,Gamma PLC,201-500,jane.garcia@business.org
352,Alex Martinez,Spain,Engineer,Global Industries,10000+,alex.martinez@company.com
353,Laura Rodriguez,Spain,Consultant,Beta LLC,10000+,laura.rodriguez@business.org
354,John Miller,USA,Consultant,Acme Corp,10000+,john.miller@enterprise.net
355,Alex Rodriguez,Germany,CEO,Gamma PLC,201-500,alex.rodriguez@enterprise.net
356,Linda Martinez,France,CTO,Alpha Inc,1-10,linda.martinez@enterprise.net
357,Emily Martinez,France,CEO,Alpha Inc,11-50,emily.martinez@business.org
358,Emily Rodriguez,Australia,Consultant,Beta LLC,5001-10000,emily.rodriguez@enterprise.net
359,Robert Miller,Brazil,Designer,Alpha Inc,5001-10000,robert.miller@business.org
360,Laura Johnson,India,Intern,Acme Corp,51-200,laura.johnson@example.com
361,Emily Rodriguez,Canada,Manager,Alpha Inc,51-200,emily.rodriguez@business.org
362,Laura Johnson,India,CEO,Beta LLC,501-1000,laura.johnson@enterprise.net
363,Jane Johnson,Germany,Analyst,Global Industries,201-500,jane.johnson@business.org
364,Laura Jones,Brazil,CEO,Gamma PLC,11-50,laura.jones@example.com
365,Sarah Williams,Italy,CEO,Global Industries,10000+,sarah.williams@business.org
366,Sarah Jones,France,Engineer,Tech Solutions,201-500,sarah.jones@enterprise.net
367,Robert Williams,Brazil,Designer,Alpha Inc,201-500,robert.williams@company.com
368,Robert Martinez,USA,Designer,Tech Solutions,10000+,robert.martinez@company.com
369,David Smith,Canada,Consultant,Beta LLC,1001-5000,david.smith@business.org
370,Jane Brown,UK,CFO,Beta LLC,501-1000,jane.brown@enterprise.net
371,Jane Martinez,India,Manager,Acme Corp,1-10,jane.martinez@business.org
372,Michael Davis,USA,Manager,Beta LLC,501-1000,michael.davis@enterprise.net
373,Robert Davis,Spain,CFO,Acme Corp,501-1000,robert.davis@example.com
374,Robert Johnson,India,Engineer,Global Industries,501-1000,robert.johnson@company.com
375,Jane Williams,Canada,Designer,Alpha Inc,10000+,jane.williams@company.com
376,Sarah Williams,Australia,Designer,Beta LLC,5001-10000,sarah.williams@example.com
377,Robert Davis,Canada,Engineer,Gamma PLC,5001-10000,robert.davis@business.org
378,John Garcia,Germany,CFO,Gamma PLC,10000+,john.garcia@enterprise.net
379,Linda Davis,Germany,Intern,Alpha Inc,11-50,linda.davis@business.org
380,Jane Brown,Brazil,Intern,Beta LLC,10000+,jane.brown@example.com
381,Sarah Jones,Brazil,Engineer,Tech Solutions,1001-5000,sarah.jones@example.com
382,Michael Davis,UK,Analyst,Beta LLC,1001-5000,michael.davis@business.org
383,Alex Davis,Canada,CFO,Gamma PLC,51-200,alex.davis@company.com
384,Sarah Williams,India,Designer,Global Industries,1001-5000,sarah.williams@enterprise.net
385,Jane Garcia,India,CEO,Global Industries,51-200,jane.garcia@example.com
386,Alex Smith,Australia,Intern,Alpha Inc,201-500,alex.smith@company.com
387,Michael Miller,UK,Analyst,Gamma PLC,51-200,michael.miller@example.com
388,Emily Smith,Italy,Engineer,Tech Solutions,1-10,emily.smith@company.com
389,Laura Williams,USA,Intern,Beta LLC,11-50,laura.williams@example.com
390,Robert Smith,France,Developer,Tech Solutions,501-1000,robert.smith@example.com
391,David Johnson,Brazil,Analyst,Global Industries,201-500,david.johnson@business.org
392,Robert Davis,Italy,CEO,Gamma PLC,10000+,robert.davis@business.org
393,Robert Garcia,Brazil,Consultant,Tech Solutions,201-500,robert.garcia@example.com
394,David Martinez,India,CFO,Innovate Ltd,201-500,david.martinez@enterprise.net
395,David Jones,Italy,CFO,Innovate Ltd,10000+,david.jones@enterprise.net
396,Robert Rodriguez,Canada,Analyst,Global Industries,1-10,robert.rodriguez@business.org
397,Jane Johnson,Germany,CEO,Innovate Ltd,10000+,jane.johnson@enterprise.net
398,Alex Johnson,India,Analyst,Global Industries,11-50,alex.johnson@example.com
399,Michael Rodriguez,Italy,CTO,Beta LLC,5001-10000,michael.rodriguez@company.com
400,Laura Garcia,UK,Intern,Beta LLC,201-500,laura.garcia@business.org
401,Alex Martinez,Germany,CFO,Global Industries,501-1000,alex.martinez@example.com
402,Michael Miller,India,Engineer,Alpha Inc,10000+,michael.miller@example.com
403,Emily Garcia,France,Developer,Global Industries,501-1000,emily.garcia@company.com
404,Jane Johnson,USA,Engineer,Acme Corp,5001-10000,jane.johnson@business.org
405,Michael Garcia,France,CTO,Beta LLC,501-1000,michael.garcia@example.com
406,John Smith,Germany,Designer,Global Industries,201-500,john.smith@company.com
407,Robert Jones,India,Analyst,Global Industries,1001-5000,robert.jones@example.com
408,Alex Johnson,Canada,Manager,Beta LLC,5001-10000,alex.johnson@example.com
409,Alex Smith,France,CEO,Innovate Ltd,11-50,alex.smith@enterprise.net
410,John Brown,Germany,CFO,Global Industries,10000+,john.brown@company.com
411,Emily Davis,Australia,Engineer,Beta LLC,1-10,emily.davis@business.org
412,David Rodriguez,India,Developer,Beta LLC,51-200,david.rodriguez@enterprise.net
413,Michael Miller,Italy,Designer,Innovate Ltd,1-10,michael.miller@enterprise.net
414,Alex Brown,UK,Intern,Beta LLC,5001-10000,alex.brown@business.org
415,Laura Johnson,India,CEO,Gamma PLC,10000+,laura.johnson@example.com
416,Sarah Williams,Spain,Intern,Global Industries,11-50,sarah.williams@business.org
417,Robert Davis,Spain,Designer,Beta LLC,1001-5000,robert.davis@enterprise.net
418,Sarah Williams,India,Designer,Innovate Ltd,5001-10000,sarah.williams@business.org
419,Michael Johnson,Australia,Consultant,Global Industries,201-500,michael.johnson@company.com
420,Laura Smith,India,Developer,Beta LLC,501-1000,laura.smith@business.org
421,John Garcia,India,Analyst,Innovate Ltd,201-500,john.garcia@example.com
422,Laura Garcia,USA,Consultant,Global Industries,1-10,laura.garcia@example.com
423,Jane Williams,USA,Engineer,Gamma PLC,51-200,jane.williams@company.com
424,Robert Garcia,Canada,Intern,Alpha Inc,1001-5000,robert.garcia@business.org
425,David Jones,USA,CTO,Acme Corp,10000+,david.jones@company.com
426,Laura Miller,Spain,CFO,Tech Solutions,1-10,laura.miller@company.com
427,Sarah Johnson,Italy,Manager,Tech Solutions,10000+,sarah.johnson@company.com
428,Linda Johnson,Canada,Intern,Gamma PLC,1001-5000,linda.johnson@company.com
429,Robert Williams,UK,CTO,Tech Solutions,10000+,robert.williams@company.com
430,John Miller,Spain,CFO,Innovate Ltd,11-50,john.miller@business.org
431,Alex Miller,Brazil,Engineer,Global Industries,51-200,alex.miller@enterprise.net
432,David Johnson,UK,Analyst,Innovate Ltd,1001-5000,david.johnson@company.com
433,Michael Martinez,Italy,Developer,Acme Corp,1001-5000,michael.martinez@example.com
434,Robert Williams,India,Manager,Acme Corp,51-200,robert.williams@business.org
435,Alex Jones,UK,CTO,Gamma PLC,201-500,alex.jones@business.org
436,John Garcia,France,Analyst,Innovate Ltd,11-50,john.garcia@company.com
437,Robert Smith,Spain,Intern,Beta LLC,51-200,robert.smith@business.org
438,Robert Garcia,Australia,CTO,Global Industries,501-1000,robert.garcia@company.com
439,Michael Smith,India,Consultant,Global Industries,10000+,michael.smith@example.com
440,Emily Williams,Canada,Developer,Alpha Inc,11-50,emily.williams@enterprise.net
441,David Garcia,Germany,Consultant,Global Industries,501-1000,david.garcia@business.org
442,Emily Martinez,Australia,Manager,Acme Corp,501-1000,emily.martinez@company.com
443,Laura Smith,UK,Intern,Global Industries,51-200,laura.smith@business.org
444,Emily Miller,Germany,Engineer,Alpha Inc,11-50,emily.miller@business.org
445,Robert Jones,USA,CTO,Innovate Ltd,501-1000,robert.jones@example.com
446,Jane Williams,UK,Manager,Alpha Inc,1001-5000,jane.williams@business.org
447,Robert Rodriguez,Australia,CEO,Tech Solutions,1001-5000,robert.rodriguez@example.com
448,John Johnson,UK,Engineer,Alpha Inc,201-500,john.johnson@enterprise.net
449,Michael Rodriguez,Germany,CEO,Innovate Ltd,10000+,michael.rodriguez@example.com
450,John Smith,Brazil,Engineer,Innovate Ltd,501-1000,john.smith@business.org
451,Laura Smith,India,Consultant,Beta LLC,11-50,laura.smith@enterprise.net
452,Laura Johnson,Brazil,Analyst,Innovate Ltd,51-200,laura.johnson@company.com
453,Michael Miller,Germany,CEO,Alpha Inc,10000+,michael.miller@company.com
454,David Williams,Germany,Manager,Gamma PLC,5001-10000,david.williams@business.org
455,Emily Miller,Australia,CEO,Alpha Inc,11-50,emily.miller@company.com
456,Sarah Garcia,Brazil,CFO,Innovate Ltd,201-500,sarah.garcia@business.org
457,Robert Johnson,USA,Developer,Tech Solutions,10000+,robert.johnson@business.org
458,John Brown,Italy,Developer,Acme Corp,1-10,john.brown@example.com
459,Laura Brown,Spain,CEO,Global Industries,10000+,laura.brown@example.com
460,David Williams,Germany,Consultant,Beta LLC,201-500,david.williams@company.com
461,Robert Garcia,Canada,Manager,Alpha Inc,1001-5000,robert.garcia@enterprise.net
462,Laura Brown,Germany,CFO,Acme Corp,501-1000,laura.brown@example.com
463,Emily Davis,Germany,CEO,Tech Solutions,201-500,emily.davis@enterprise.net
464,Sarah Garcia,India,Designer,Innovate Ltd,201-500,sarah.garcia@company.com
465,Jane Smith,France,Manager,Acme Corp,501-1000,jane.smith@example.com
466,Sarah Smith,France,CTO,Gamma PLC,201-500,sarah.smith@business.org
467,Linda Davis,UK,Designer,Acme Corp,201-500,linda.davis@example.com
468,Linda Miller,Spain,Manager,Acme Corp,1-10,linda.miller@business.org
469,Emily Rodriguez,Germany,CEO,Acme Corp,1-10,emily.rodriguez@enterprise.net
470,Alex Miller,Australia,Developer,Beta LLC,10000+,alex.miller@enterprise.net
471,Michael Jones,UK,CFO,Tech Solutions,11-50,michael.jones@company.com
472,Robert Brown,Spain,CTO,Global Industries,5001-10000,robert.brown@example.com
473,Linda Smith,USA,Intern,Beta LLC,11-50,linda.smith@example.com
474,Michael Brown,Germany,Designer,Global Industries,1001-5000,michael.brown@enterprise.net
475,Michael Brown,Spain,Consultant,Global Industries,11-50,michael.brown@example.com
476,David Jones,France,Designer,Acme Corp,51-200,david.jones@business.org
477,Michael Williams,Italy,CFO,Global Industries,11-50,michael.williams@business.org
478,Robert Rodriguez,Spain,Developer,Innovate Ltd,1-10,robert.rodriguez@example.com
479,Laura Johnson,Italy,Intern,Beta LLC,10000+,laura.johnson@company.com
480,Michael Davis,Spain,CEO,Acme Corp,5001-10000,michael.davis@enterprise.net
481,Michael Miller,UK,Designer,Tech Solutions,1-10,michael.miller@company.com
482,David Johnson,India,CEO,Tech Solutions,501-1000,david.johnson@example.com
483,David Johnson,Germany,Designer,Beta LLC,51-200,david.johnson@business.org
484,Sarah Miller,UK,Engineer,Gamma PLC,5001-10000,sarah.miller@business.org
485,Sarah Johnson,Canada,CTO,Global Industries,51-200,sarah.johnson@business.org
486,Jane Rodriguez,Canada,Engineer,Beta LLC,5001-10000,jane.rodriguez@business.org
487,Emily Johnson,Germany,Engineer,Tech Solutions,10000+,emily.johnson@company.com
488,Michael Johnson,France,Intern,Acme Corp,11-50,michael.johnson@enterprise.net
489,Linda Smith,Canada,Developer,Acme Corp,51-200,linda.smith@example.com
490,Linda Jones,UK,CTO,Gamma PLC,11-50,linda.jones@enterprise.net
491,Alex Martinez,UK,Intern,Tech Solutions,1001-5000,alex.martinez@company.com
492,John Jones,Australia,CTO,Acme Corp,11-50,john.jones@example.com
493,Robert Smith,France,CTO,Gamma PLC,1-10,robert.smith@enterprise.net
494,Linda Williams,Italy,Consultant,Beta LLC,501-1000,linda.williams@enterprise.net
495,Sarah Miller,Brazil,Consultant,Tech Solutions,1001-5000,sarah.miller@example.com
496,Alex Rodriguez,Australia,CEO,Innovate Ltd,501-1000,alex.rodriguez@example.com
497,Michael Martinez,Spain,CTO,Acme Corp,10000+,michael.martinez@enterprise.net
498,Robert Martinez,India,Engineer,Acme Corp,1-10,robert.martinez@example.com
499,Jane Williams,Canada,Designer,Tech Solutions,11-50,jane.williams@company.com
500,David Miller,Australia,Analyst,Global Industries,201-500,david.miller@example.com
501,Laura Davis,Canada,Consultant,Beta LLC,201-500,laura.davis@business.org
502,Jane Miller,Brazil,Designer,Global Industries,1001-5000,jane.miller@example.com
503,Michael Williams,USA,CEO,Beta LLC,201-500,michael.williams@business.org
504,Michael Brown,Australia,Analyst,Alpha Inc,10000+,michael.brown@enterprise.net
505,Jane Jones,Italy,Intern,Innovate Ltd,10000+,jane.jones@enterprise.net
506,David Rodriguez,Germany,Designer,Alpha Inc,201-500,david.rodriguez@company.com
507,Michael Davis,France,CEO,Gamma PLC,501-1000,michael.davis@enterprise.net
508,Emily Miller,Canada,CFO,Innovate Ltd,501-1000,emily.miller@example.com
509,Laura Martinez,Spain,Intern,Acme Corp,11-50,laura.martinez@company.com
510,Jane Garcia,Spain,Intern,Alpha Inc,10000+,jane.garcia@company.com
511,Alex Johnson,UK,Manager,Global Industries,51-200,alex.johnson@enterprise.net
512,John Davis,Spain,Engineer,Global Industries,501-1000,john.davis@example.com
513,Emily Williams,Spain,Designer,Innovate Ltd,11-50,emily.williams@company.com
514,Robert Miller,Germany,Manager,Alpha Inc,11-50,robert.miller@example.com
515,Emily Miller,USA,CEO,Tech Solutions,11-50,emily.miller@example.com
516,Jane Miller,India,Consultant,Innovate Ltd,1-10,jane.miller@example.com
517,Robert Johnson,Spain,Manager,Alpha Inc,1001-5000,robert.johnson@enterprise.net
518,Linda Miller,Australia,Analyst,Beta LLC,5001-10000,linda.miller@enterprise.net
519,Emily Smith,Italy,CFO,Global Industries,51-200,emily.smith@enterprise.net
520,John Smith,UK,Consultant,Beta LLC,51-200,john.smith@company.com
521,Sarah Davis,Brazil,Engineer,Innovate Ltd,1-10,sarah.davis@business.org
522,John Martinez,Spain,Consultant,Global Industries,1001-5000,john.martinez@enterprise.net
523,Linda Jones,UK,CEO,Global Industries,1001-5000,linda.jones@example.com
524,Robert Davis,UK,Analyst,Alpha Inc,11-50,robert.davis@enterprise.net
525,John Garcia,India,Engineer,Acme Corp,10000+,john.garcia@enterprise.net
526,Emily Jones,Italy,Developer,Tech Solutions,1001-5000,emily.jones@example.com
527,Emily Davis,Germany,Manager,Beta LLC,11-50,emily.davis@business.org
528,David Williams,Canada,Designer,Tech Solutions,501-1000,david.williams@company.com
529,Jane Williams,Spain,Manager,Beta LLC,10000+,jane.williams@enterprise.net
530,Linda Rodriguez,Spain,CTO,Global Industries,201-500,linda.rodriguez@business.org
531,Michael Brown,Australia,CEO,Gamma PLC,51-200,michael.brown@enterprise.net
532,Linda Rodriguez,UK,Manager,Gamma PLC,501-1000,linda.rodriguez@company.com
533,Robert Rodriguez,Canada,Engineer,Beta LLC,1001-5000,robert.rodriguez@example.com
534,Robert Miller,USA,Engineer,Global Industries,10000+,robert.miller@business.org
535,Alex Garcia,Canada,CTO,Global Industries,10000+,alex.garcia@enterprise.net
536,Robert Rodriguez,Australia,CEO,Acme Corp,201-500,robert.rodriguez@company.com
537,Sarah Johnson,Italy,CEO,Tech Solutions,5001-10000,sarah.johnson@enterprise.net
538,Alex Miller,Germany,Manager,Gamma PLC,51-200,alex.miller@business.org
539,Alex Davis,Italy,CFO,Alpha Inc,501-1000,alex.davis@example.com
540,Linda Jones,USA,Designer,Innovate Ltd,1-10,linda.jones@business.org
541,John Smith,Canada,Analyst,Gamma PLC,5001-10000,john.smith@enterprise.net
542,Emily Williams,Spain,Consultant,Tech Solutions,11-50,emily.williams@example.com
543,Laura Miller,Canada,Developer,Gamma PLC,1-10,laura.miller@enterprise.net
544,Jane Rodriguez,Australia,Consultant,Innovate Ltd,201-500,jane.rodriguez@business.org
545,Alex Smith,Australia,Intern,Alpha Inc,51-200,alex.smith@company.com
546,Michael Martinez,Australia,CEO,Innovate Ltd,10000+,michael.martinez@business.org
547,Linda Smith,Australia,Analyst,Beta LLC,201-500,linda.smith@business.org
548,Emily Garcia,Germany,CEO,Acme Corp,5001-10000,emily.garcia@business.org
549,John Brown,Canada,Analyst,Acme Corp,501-1000,john.brown@example.com
550,Michael Jones,USA,Analyst,Global Industries,11-50,michael.jones@example.com
551,Alex Garcia,Canada,CTO,Global Industries,201-500,alex.garcia@business.org
552,Alex Martinez,UK,Developer,Global Industries,11-50,alex.martinez@enterprise.net
553,Linda Martinez,Spain,Consultant,Tech Solutions,201-500,linda.martinez@example.com
554,Sarah Martinez,Italy,CTO,Innovate Ltd,5001-10000,sarah.martinez@enterprise.net
555,Emily Garcia,Italy,Designer,Acme Corp,11-50,emily.garcia@company.com
556,Jane Rodriguez,UK,CTO,Gamma PLC,11-50,jane.rodriguez@enterprise.net
557,Linda Garcia,Spain,Consultant,Gamma PLC,5001-10000,linda.garcia@company.com
558,Sarah Rodriguez,Spain,Consultant,Tech Solutions,201-500,sarah.rodriguez@enterprise.net
559,David Miller,France,CEO,Tech Solutions,51-200,david.miller@company.com
560,Laura Johnson,Canada,Manager,Global Industries,501-1000,laura.johnson@company.com
561,Emily Miller,India,Analyst,Alpha Inc,1-10,emily.miller@business.org
562,Jane Davis,France,Developer,Beta LLC,201-500,jane.davis@enterprise.net
563,Emily Smith,Brazil,Intern,Alpha Inc,1001-5000,emily.smith@enterprise.net
564,Laura Smith,Spain,Developer,Tech Solutions,5001-10000,laura.smith@business.org
565,Michael Rodriguez,USA,CFO,Tech Solutions,1-10,michael.rodriguez@business.org
566,Emily Smith,Brazil,Consultant,Alpha Inc,10000+,emily.smith@business.org
567,Robert Williams,India,Manager,Tech Solutions,201-500,robert.williams@example.com
568,Jane Garcia,Australia,Designer,Beta LLC,501-1000,jane.garcia@company.com
569,Robert Williams,USA,Analyst,Beta LLC,51-200,robert.williams@business.org
570,Laura Garcia,Brazil,CEO,Acme Corp,51-200,laura.garcia@company.com
571,Sarah Miller,Germany,CEO,Tech Solutions,5001-10000,sarah.miller@company.com
572,David Williams,Spain,Manager,Tech Solutions,51-200,david.williams@example.com
573,Jane Williams,France,Analyst,Tech Solutions,1001-5000,jane.williams@enterprise.net
574,John Miller,Australia,Engineer,Acme Corp,10000+,john.miller@example.com
575,Sarah Garcia,UK,Designer,Gamma PLC,10000+,sarah.garcia@enterprise.net
576,Emily Martinez,UK,Developer,Gamma PLC,5001-10000,emily.martinez@business.org
577,John Brown,USA,CEO,Global Industries,1001-5000,john.brown@company.com
578,Alex Brown,France,Consultant,Acme Corp,11-50,alex.brown@business.org
579,Jane Smith,India,CEO,Gamma PLC,201-500,jane.smith@company.com
580,Emily Davis,France,Analyst,Tech Solutions,1001-5000,emily.davis@enterprise.net
581,Emily Garcia,France,CTO,Innovate Ltd,5001-10000,emily.garcia@example.com
582,Laura Martinez,Germany,Analyst,Beta LLC,201-500,laura.martinez@example.com
583,Linda Martinez,India,Manager,Global Industries,501-1000,linda.martinez@company.com
584,Michael Davis,Australia,Intern,Acme Corp,1001-5000,michael.davis@example.com
585,Emily Brown,Canada,Analyst,Tech Solutions,10000+,emily.brown@business.org
586,Robert Davis,USA,Analyst,Global Industries,51-200,robert.davis@example.com
587,John Rodriguez,India,Manager,Alpha Inc,11-50,john.rodriguez@company.com
588,Laura Johnson,Canada,Analyst,Gamma PLC,51-200,laura.johnson@company.com
589,Linda Davis,France,Designer,Acme Corp,201-500,linda.davis@company.com
590,Alex Smith,France,Consultant,Tech Solutions,51-200,alex.smith@example.com
591,Linda Brown,France,Designer,Innovate Ltd,51-200,linda.brown@business.org
592,Robert Brown,France,Analyst,Beta LLC,501-1000,robert.brown@enterprise.net
593,Alex Martinez,Spain,Engineer,Global Industries,201-500,alex.martinez@company.com
594,John Martinez,Germany,CFO,Acme Corp,51-200,john.martinez@business.org
595,Linda Brown,Canada,CTO,Innovate Ltd,201-500,linda.brown@example.com
596,Laura Jones,UK,CFO,Beta LLC,51-200,laura.jones@company.com
597,Linda Jones,Italy,CEO,Alpha Inc,1-10,linda.jones@enterprise.net
598,David Davis,Italy,Developer,Acme Corp,201-500,david.davis@example.com
599,David Davis,Brazil,Engineer,Acme Corp,10000+,david.davis@company.com
600,Jane Smith,Australia,Manager,Beta LLC,1001-5000,jane.smith@company.com
601,Michael Johnson,Spain,CFO,Innovate Ltd,1001-5000,michael.johnson@enterprise.net
602,David Williams,UK,Developer,Tech Solutions,1-10,david.williams@company.com
603,Jane Martinez,Brazil,CEO,Gamma PLC,51-200,jane.martinez@example.com
604,Alex Garcia,Australia,Designer,Global Industries,501-1000,alex.garcia@example.com
605,Sarah Davis,France,Designer,Acme Corp,11-50,sarah.davis@enterprise.net
606,Emily Williams,Germany,CTO,Alpha Inc,1-10,emily.williams@business.org
607,Alex Rodriguez,Germany,Engineer,Gamma PLC,11-50,alex.rodriguez@business.org
608,Laura Martinez,Brazil,Intern,Alpha Inc,5001-10000,laura.martinez@enterprise.net
609,Emily Garcia,Canada,CEO,Acme Corp,11-50,emily.garcia@company.com
610,Linda Jones,USA,CEO,Tech Solutions,1-10,linda.jones@example.com
611,Sarah Miller,UK,CTO,Innovate Ltd,51-200,sarah.miller@company.com
612,Laura Jones,UK,Engineer,Gamma PLC,1001-5000,laura.jones@business.org
613,Emily Martinez,France,CFO,Global Industries,51-200,emily.martinez@example.com
614,Linda Davis,Canada,CEO,Beta LLC,1-10,linda.davis@company.com
615,David Johnson,Spain,Manager,Innovate Ltd,51-200,david.johnson@company.com
616,Michael Martinez,Germany,Analyst,Acme Corp,1001-5000,michael.martinez@enterprise.net
617,Linda Martinez,USA,Engineer,Alpha Inc,201-500,linda.martinez@example.com
618,Jane Martinez,France,Consultant,Beta LLC,51-200,jane.martinez@enterprise.net
619,Emily Rodriguez,Germany,Analyst,Innovate Ltd,501-1000,emily.rodriguez@example.com
620,Emily Johnson,Germany,Manager,Acme Corp,5001-10000,emily.johnson@business.org
621,David Davis,UK,Consultant,Gamma PLC,1-10,david.davis@business.org
622,Alex Rodriguez,USA,CEO,Beta LLC,501-1000,alex.rodriguez@example.com
623,Emily Martinez,USA,Intern,Tech Solutions,1-10,emily.martinez@business.org
624,Sarah Rodriguez,Brazil,Manager,Alpha Inc,501-1000,sarah.rodriguez@company.com
625,John Davis,Germany,Intern,Tech Solutions,501-1000,john.davis@example.com
626,John Smith,Italy,CTO,Beta LLC,1001-5000,john.smith@enterprise.net
627,Emily Jones,Spain,Manager,Tech Solutions,51-200,emily.jones@company.com
628,John Johnson,India,Manager,Gamma PLC,5001-10000,john.johnson@business.org
629,Linda Jones,Germany,CTO,Global Industries,1-10,linda.jones@company.com
630,Sarah Williams,France,Consultant,Global Industries,11-50,sarah.williams@business.org
631,Sarah Brown,Australia,Designer,Acme Corp,51-200,sarah.brown@company.com
632,Alex Rodriguez,Spain,Designer,Alpha Inc,10000+,alex.rodriguez@company.com
633,Laura Martinez,France,Intern,Global Industries,201-500,laura.martinez@business.org
634,Sarah Davis,Australia,Designer,Tech Solutions,501-1000,sarah.davis@company.com
635,Laura Garcia,USA,Consultant,Beta LLC,5001-10000,laura.garcia@company.com
636,David Williams,Spain,CTO,Tech Solutions,1-10,david.williams@business.org
637,Jane Williams,India,Designer,Alpha Inc,51-200,jane.williams@business.org
638,Robert Davis,Australia,Intern,Gamma PLC,1-10,robert.davis@enterprise.net
639,Linda Miller,Italy,Consultant,Tech Solutions,51-200,linda.miller@enterprise.net
640,Laura Garcia,Canada,Analyst,Tech Solutions,10000+,laura.garcia@company.com
641,David Smith,Canada,Intern,Gamma PLC,501-1000,david.smith@enterprise.net
642,Robert Brown,Australia,Analyst,Innovate Ltd,11-50,robert.brown@example.com
643,Linda Brown,Australia,CFO,Alpha Inc,501-1000,linda.brown@example.com
644,Laura Martinez,France,Developer,Innovate Ltd,1-10,laura.martinez@business.org
645,Laura Jones,Spain,CEO,Beta LLC,201-500,laura.jones@company.com
646,Robert Martinez,Spain,Manager,Global Industries,11-50,robert.martinez@company.com
647,Alex Brown,Germany,Manager,Beta LLC,5001-10000,alex.brown@enterprise.net
648,David Jones,Canada,Consultant,Beta LLC,1001-5000,david.jones@enterprise.net
649,Linda Brown,Australia,Manager,Innovate Ltd,1001-5000,linda.brown@example.com
650,John Williams,Spain,Manager,Alpha Inc,51-200,john.williams@example.com
651,John Williams,Spain,Intern,Innovate Ltd,10000+,john.williams@enterprise.net
652,Jane Garcia,Canada,Developer,Alpha Inc,51-200,jane.garcia@business.org
653,Sarah Rodriguez,Germany,Analyst,Beta LLC,1001-5000,sarah.rodriguez@business.org
654,John Brown,Germany,Developer,Acme Corp,10000+,john.brown@example.com
655,Robert Williams,Germany,CFO,Tech Solutions,501-1000,robert.williams@enterprise.net
656,Linda Brown,Australia,CTO,Acme Corp,501-1000,linda.brown@company.com
657,Michael Davis,India,Analyst,Acme Corp,11-50,michael.davis@enterprise.net
658,Jane Smith,France,Manager,Innovate Ltd,11-50,jane.smith@enterprise.net
659,Robert Smith,Italy,CTO,Acme Corp,11-50,robert.smith@example.com
660,Michael Martinez,Spain,Analyst,Beta LLC,501-1000,michael.martinez@enterprise.net
661,Robert Smith,Canada,Designer,Global Industries,11-50,robert.smith@example.com
662,Laura Martinez,Italy,Manager,Gamma PLC,201-500,laura.martinez@example.com
663,Linda Jones,Brazil,Designer,Acme Corp,5001-10000,linda.jones@enterprise.net
664,Michael Jones,Canada,Developer,Alpha Inc,10000+,michael.jones@example.com
665,Alex Brown,USA,Manager,Acme Corp,1-10,alex.brown@company.com
666,Michael Miller,Australia,Engineer,Alpha Inc,5001-10000,michael.miller@enterprise.net
667,Laura Rodriguez,Brazil,CTO,Tech Solutions,201-500,laura.rodriguez@business.org
668,Emily Garcia,France,CFO,Innovate Ltd,5001-10000,emily.garcia@business.org
669,Linda Jones,USA,CFO,Acme Corp,1-10,linda.jones@enterprise.net
670,Alex Smith,Germany,Designer,Gamma PLC,201-500,alex.smith@business.org
671,Emily Rodriguez,Canada,CFO,Gamma PLC,1-10,emily.rodriguez@example.com
672,Jane Miller,Brazil,Consultant,Global Industries,10000+,jane.miller@business.org
673,John Brown,Italy,CFO,Acme Corp,11-50,john.brown@enterprise.net
674,Robert Garcia,Spain,Manager,Alpha Inc,501-1000,robert.garcia@example.com
675,David Smith,Canada,Developer,Global Industries,5001-10000,david.smith@enterprise.net
676,Jane Brown,Italy,Intern,Acme Corp,1-10,jane.brown@company.com
677,Linda Davis,Brazil,Analyst,Innovate Ltd,201-500,linda.davis@company.com
678,Michael Rodriguez,Australia,Intern,Beta LLC,51-200,michael.rodriguez@company.com
679,Robert Miller,Canada,Consultant,Global Industries,11-50,robert.miller@enterprise.net
680,John Brown,France,Designer,Tech Solutions,501-1000,john.brown@enterprise.net
681,Sarah Davis,Canada,Designer,Beta LLC,1-10,sarah.davis@example.com
682,Michael Martinez,India,CEO,Gamma PLC,51-200,michael.martinez@business.org
683,John Johnson,Germany,CTO,Tech Solutions,501-1000,john.johnson@business.org
684,Laura Rodriguez,Spain,Engineer,Alpha Inc,201-500,laura.rodriguez@company.com
685,Michael Johnson,Germany,CFO,Tech Solutions,11-50,michael.johnson@example.com
686,Laura Johnson,Australia,Manager,Global Industries,51-200,laura.johnson@business.org
687,David Rodriguez,Germany,Developer,Global Industries,501-1000,david.rodriguez@enterprise.net
688,Alex Garcia,Canada,Intern,Acme Corp,5001-10000,alex.garcia@company.com
689,Laura Miller,Germany,Consultant,Innovate Ltd,51-200,laura.miller@business.org
690,David Johnson,USA,CEO,Innovate Ltd,1001-5000,david.johnson@example.com
691,Linda Martinez,India,Developer,Innovate Ltd,11-50,linda.martinez@enterprise.net
692,Jane Miller,Italy,Intern,Innovate Ltd,501-1000,jane.miller@enterprise.net
693,Alex Garcia,France,Engineer,Acme Corp,51-200,alex.garcia@enterprise.net
694,John Brown,UK,CEO,Tech Solutions,201-500,john.brown@business.org
695,Robert Garcia,Germany,Analyst,Beta LLC,1001-5000,robert.garcia@enterprise.net
696,Robert Williams,UK,Designer,Innovate Ltd,1001-5000,robert.williams@example.com
697,David Miller,Spain,CEO,Gamma PLC,11-50,david.miller@enterprise.net
698,Jane Rodriguez,Canada,CFO,Gamma PLC,10000+,jane.rodriguez@enterprise.net
699,Emily Rodriguez,USA,CEO,Tech Solutions,11-50,emily.rodriguez@company.com
700,Jane Miller,Spain,CEO,Beta LLC,51-200,jane.miller@business.org
701,Laura Williams,Canada,Engineer,Tech Solutions,1-10,laura.williams@business.org
702,Sarah Martinez,France,Consultant,Acme Corp,11-50,sarah.martinez@example.com
703,Michael Johnson,Italy,CFO,Acme Corp,1001-5000,michael.johnson@company.com
704,David Brown,UK,Analyst,Innovate Ltd,51-200,david.brown@example.com
705,Linda Brown,Spain,Designer,Global Industries,10000+,linda.brown@enterprise.net
706,Linda Davis,India,Consultant,Innovate Ltd,501-1000,linda.davis@enterprise.net
707,Emily Jones,Canada,Intern,Tech Solutions,11-50,emily.jones@enterprise.net
708,Robert Smith,Brazil,Designer,Gamma PLC,10000+,robert.smith@company.com
709,Linda Martinez,USA,CTO,Gamma PLC,51-200,linda.martinez@company.com
710,Laura Smith,Canada,Engineer,Gamma PLC,1001-5000,laura.smith@enterprise.net
711,Jane Jones,Germany,Consultant,Tech Solutions,11-50,jane.jones@enterprise.net
712,Robert Martinez,Germany,Consultant,Alpha Inc,5001-10000,robert.martinez@company.com
713,Jane Davis,Germany,CTO,Gamma PLC,10000+,jane.davis@enterprise.net
714,John Williams,Brazil,Consultant,Global Industries,501-1000,john.williams@example.com
715,Robert Miller,Brazil,Engineer,Acme Corp,201-500,robert.miller@example.com
716,Alex Johnson,Spain,Consultant,Alpha Inc,501-1000,alex.johnson@enterprise.net
717,Alex Rodriguez,USA,CTO,Alpha Inc,11-50,alex.rodriguez@business.org
718,Laura Martinez,Brazil,Engineer,Gamma PLC,501-1000,laura.martinez@example.com
719,Michael Miller,Germany,Manager,Global Industries,201-500,michael.miller@example.com
720,Michael Brown,Spain,Engineer,Innovate Ltd,201-500,michael.brown@business.org
721,Alex Martinez,France,Analyst,Tech Solutions,10000+,alex.martinez@business.org
722,Jane Rodriguez,Canada,Manager,Beta LLC,5001-10000,jane.rodriguez@business.org
723,Laura Williams,Australia,CEO,Alpha Inc,501-1000,laura.williams@company.com
724,Linda Rodriguez,Canada,CTO,Global Industries,501-1000,linda.rodriguez@business.org
725,David Johnson,Spain,Manager,Gamma PLC,51-200,david.johnson@business.org
726,Michael Johnson,Italy,Manager,Acme Corp,5001-10000,michael.johnson@company.com
727,Jane Rodriguez,UK,Analyst,Alpha Inc,10000+,jane.rodriguez@business.org
728,John Brown,Italy,CFO,Beta LLC,11-50,john.brown@example.com
729,John Garcia,Spain,CFO,Global Industries,5001-10000,john.garcia@enterprise.net
730,Alex Miller,Canada,Intern,Beta LLC,1001-5000,alex.miller@company.com
731,Emily Williams,UK,CTO,Beta LLC,1-10,emily.williams@enterprise.net
732,Michael Johnson,Italy,Designer,Gamma PLC,501-1000,michael.johnson@example.com
733,Laura Brown,France,Manager,Global Industries,501-1000,laura.brown@business.org
734,Linda Miller,India,Manager,Alpha Inc,1001-5000,linda.miller@business.org
735,Laura Martinez,Canada,Manager,Acme Corp,1-10,laura.martinez@enterprise.net
736,Alex Garcia,Canada,Developer,Alpha Inc,51-200,alex.garcia@enterprise.net
737,Emily Johnson,Brazil,CFO,Global Industries,11-50,emily.johnson@example.com
738,Sarah Jones,Canada,CTO,Gamma PLC,10000+,sarah.jones@company.com
739,Michael Williams,Germany,CFO,Gamma PLC,501-1000,michael.williams@enterprise.net
740,Sarah Davis,India,CTO,Beta LLC,1-10,sarah.davis@example.com
741,Emily Smith,Spain,Developer,Tech Solutions,201-500,emily.smith@enterprise.net
742,Emily Johnson,Australia,Designer,Beta LLC,201-500,emily.johnson@example.com
743,John Williams,UK,Engineer,Gamma PLC,5001-10000,john.williams@enterprise.net
744,Alex Smith,Spain,CTO,Tech Solutions,201-500,alex.smith@enterprise.net
745,Michael Jones,Spain,CEO,Gamma PLC,201-500,michael.jones@enterprise.net
746,Sarah Miller,Brazil,Intern,Gamma PLC,501-1000,sarah.miller@business.org
747,Emily Garcia,Australia,Analyst,Acme Corp,10000+,emily.garcia@business.org
748,Robert Miller,USA,Developer,Acme Corp,1001-5000,robert.miller@business.org
749,Linda Brown,Brazil,Designer,Alpha Inc,11-50,linda.brown@enterprise.net
750,Jane Davis,Italy,CEO,Innovate Ltd,1-10,jane.davis@company.com
751,Jane Rodriguez,Canada,Intern,Acme Corp,10000+,jane.rodriguez@company.com
752,Linda Garcia,Canada,Manager,Global Industries,201-500,linda.garcia@company.com
753,Jane Smith,Italy,CFO,Acme Corp,11-50,jane.smith@example.com
754,Laura Davis,Germany,CTO,Beta LLC,5001-10000,laura.davis@enterprise.net
755,Alex Garcia,Spain,Analyst,Beta LLC,501-1000,alex.garcia@company.com
756,Jane Williams,USA,CTO,Alpha Inc,51-200,jane.williams@business.org
757,Laura Garcia,India,Intern,Beta LLC,11-50,laura.garcia@enterprise.net
758,Jane Miller,Spain,CTO,Tech Solutions,501-1000,jane.miller@example.com
759,Linda Jones,UK,Manager,Beta LLC,10000+,linda.jones@example.com
760,Emily Martinez,USA,CFO,Beta LLC,501-1000,emily.martinez@enterprise.net
761,Laura Martinez,Australia,CFO,Innovate Ltd,5001-10000,laura.martinez@business.org
762,Michael Jones,Brazil,Intern,Gamma PLC,51-200,michael.jones@company.com
763,John Martinez,Australia,CFO,Global Industries,1001-5000,john.martinez@company.com
764,John Miller,Spain,Manager,Gamma PLC,51-200,john.miller@company.com
765,Linda Davis,Germany,Engineer,Alpha Inc,11-50,linda.davis@enterprise.net
766,Linda Smith,Brazil,CTO,Gamma PLC,11-50,linda.smith@business.org
767,Robert Garcia,Germany,CFO,Innovate Ltd,1001-5000,robert.garcia@enterprise.net
768,David Jones,France,Manager,Tech Solutions,11-50,david.jones@enterprise.net
769,David Johnson,UK,Intern,Global Industries,1001-5000,david.johnson@enterprise.net
770,Jane Martinez,Canada,Consultant,Innovate Ltd,201-500,jane.martinez@company.com
771,David Smith,India,Intern,Gamma PLC,5001-10000,david.smith@company.com
772,John Williams,France,CEO,Tech Solutions,501-1000,john.williams@enterprise.net
773,David Davis,Canada,Developer,Global Industries,1001-5000,david.davis@company.com
774,Jane Johnson,Brazil,Intern,Alpha Inc,501-1000,jane.johnson@example.com
775,Alex Davis,Spain,CEO,Global Industries,51-200,alex.davis@company.com
776,Michael Brown,UK,Developer,Alpha Inc,11-50,michael.brown@company.com
777,Michael Rodriguez,Italy,CFO,Acme Corp,1-10,michael.rodriguez@enterprise.net
778,Linda Smith,France,Manager,Beta LLC,1001-5000,linda.smith@enterprise.net
779,Jane Rodriguez,Italy,CFO,Gamma PLC,11-50,jane.rodriguez@enterprise.net
780,Alex Johnson,Brazil,Intern,Beta LLC,501-1000,alex.johnson@example.com
781,David Jones,India,Manager,Global Industries,201-500,david.jones@enterprise.net
782,Linda Martinez,Spain,CEO,Acme Corp,11-50,linda.martinez@company.com
783,Emily Johnson,Italy,Developer,Alpha Inc,10000+,emily.johnson@example.com
784,John Jones,India,Developer,Innovate Ltd,51-200,john.jones@enterprise.net
785,Emily Jones,Canada,Designer,Gamma PLC,11-50,emily.jones@example.com
786,Sarah Williams,UK,CEO,Beta LLC,10000+,sarah.williams@business.org
787,Michael Jones,Canada,Designer,Beta LLC,10000+,michael.jones@company.com
788,Robert Garcia,Australia,Designer,Acme Corp,11-50,robert.garcia@example.com
789,Linda Smith,Australia,Designer,Acme Corp,1-10,linda.smith@enterprise.net
790,David Williams,Italy,Consultant,Gamma PLC,501-1000,david.williams@enterprise.net
791,Linda Johnson,Brazil,CFO,Innovate Ltd,1001-5000,linda.johnson@business.org
792,Michael Brown,Australia,Designer,Innovate Ltd,1001-5000,michael.brown@example.com
793,Emily Brown,Italy,Consultant,Tech Solutions,10000+,emily.brown@example.com
794,Sarah Martinez,Australia,CTO,Acme Corp,11-50,sarah.martinez@enterprise.net
795,Sarah Miller,France,Intern,Gamma PLC,10000+,sarah.miller@company.com
796,Emily Johnson,UK,Analyst,Tech Solutions,501-1000,emily.johnson@company.com
797,Emily Johnson,Spain,Analyst,Innovate Ltd,51-200,emily.johnson@business.org
798,John Brown,Germany,Intern,Gamma PLC,51-200,john.brown@company.com
799,Jane Williams,Australia,CFO,Acme Corp,51-200,jane.williams@example.com
800,Linda Davis,Canada,Developer,Innovate Ltd,10000+,linda.davis@enterprise.net
801,Linda Davis,Italy,Designer,Tech Solutions,501-1000,linda.davis@example.com
802,Michael Jones,Germany,Manager,Tech Solutions,11-50,michael.jones@company.com
803,Alex Davis,Germany,CFO,Acme Corp,11-50,alex.davis@business.org
804,David Rodriguez,Germany,Manager,Tech Solutions,1-10,david.rodriguez@business.org
805,Michael Garcia,India,Consultant,Gamma PLC,1-10,michael.garcia@enterprise.net
806,Emily Martinez,India,Analyst,Alpha Inc,5001-10000,emily.martinez@enterprise.net
807,Michael Martinez,Germany,Designer,Alpha Inc,1001-5000,michael.martinez@example.com
808,Robert Johnson,Canada,CEO,Tech Solutions,1-10,robert.johnson@company.com
809,Robert Brown,Spain,Consultant,Global Industries,1001-5000,robert.brown@example.com
810,Emily Garcia,Canada,CTO,Global Industries,1001-5000,emily.garcia@business.org
811,Michael Miller,Australia,Analyst,Alpha Inc,11-50,michael.miller@company.com
812,David Williams,Brazil,Consultant,Beta LLC,51-200,david.williams@example.com
813,Alex Miller,Canada,Consultant,Gamma PLC,10000+,alex.miller@business.org
814,Robert Martinez,Brazil,Analyst,Beta LLC,51-200,robert.martinez@company.com
815,Alex Johnson,India,Analyst,Alpha Inc,51-200,alex.johnson@company.com
816,Jane Miller,Germany,Analyst,Acme Corp,1-10,jane.miller@business.org
817,David Smith,Brazil,Analyst,Beta LLC,1-10,david.smith@company.com
818,David Garcia,UK,CEO,Alpha Inc,51-200,david.garcia@business.org
819,Michael Williams,India,CFO,Alpha Inc,1001-5000,michael.williams@enterprise.net
820,David Miller,India,Designer,Beta LLC,10000+,david.miller@example.com
821,Robert Martinez,Germany,Analyst,Beta LLC,1-10,robert.martinez@company.com
822,Emily Rodriguez,Italy,Developer,Acme Corp,11-50,emily.rodriguez@business.org
823,David Jones,France,Designer,Global Industries,10000+,david.jones@company.com
824,Alex Davis,USA,Manager,Gamma PLC,201-500,alex.davis@company.com
825,Emily Brown,France,Intern,Gamma PLC,11-50,emily.brown@enterprise.net
826,John Miller,USA,CEO,Alpha Inc,201-500,john.miller@example.com
827,Robert Williams,Canada,Developer,Beta LLC,5001-10000,robert.williams@business.org
828,Jane Rodriguez,Spain,Designer,Innovate Ltd,201-500,jane.rodriguez@business.org
829,Linda Rodriguez,Italy,Manager,Gamma PLC,11-50,linda.rodriguez@business.org
830,Linda Brown,Australia,Engineer,Acme Corp,1-10,linda.brown@company.com
831,David Garcia,Germany,CEO,Tech Solutions,1-10,david.garcia@business.org
832,Alex Smith,Spain,CFO,Innovate Ltd,11-50,alex.smith@enterprise.net
833,Sarah Davis,UK,CFO,Alpha Inc,1-10,sarah.davis@company.com
834,Michael Garcia,France,CFO,Tech Solutions,10000+,michael.garcia@enterprise.net
835,Sarah Williams,Canada,CTO,Innovate Ltd,10000+,sarah.williams@business.org
836,David Martinez,Australia,Designer,Innovate Ltd,1-10,david.martinez@example.com
837,Laura Garcia,France,CFO,Beta LLC,1-10,laura.garcia@company.com
838,John Rodriguez,Brazil,CEO,Acme Corp,51-200,john.rodriguez@business.org
839,Laura Rodriguez,Spain,CTO,Alpha Inc,51-200,laura.rodriguez@business.org
840,Robert Jones,USA,Consultant,Acme Corp,201-500,robert.jones@company.com
841,Laura Smith,India,Developer,Gamma PLC,10000+,laura.smith@enterprise.net
842,Jane Davis,France,Analyst,Gamma PLC,1-10,jane.davis@business.org
843,David Miller,Brazil,Designer,Tech Solutions,1001-5000,david.miller@enterprise.net
844,Laura Davis,India,CFO,Global Industries,5001-10000,laura.davis@example.com
845,Emily Johnson,Australia,CTO,Acme Corp,10000+,emily.johnson@enterprise.net
846,Laura Garcia,UK,Intern,Acme Corp,5001-10000,laura.garcia@example.com
847,Emily Garcia,India,CTO,Acme Corp,10000+,emily.garcia@enterprise.net
848,John Williams,Australia,CTO,Alpha Inc,201-500,john.williams@company.com
849,Sarah Brown,Canada,CFO,Beta LLC,51-200,sarah.brown@business.org
850,John Jones,India,Developer,Alpha Inc,51-200,john.jones@example.com
851,John Rodriguez,USA,Intern,Gamma PLC,5001-10000,john.rodriguez@business.org
852,Emily Brown,Italy,Manager,Innovate Ltd,501-1000,emily.brown@business.org
853,Emily Miller,Brazil,Analyst,Acme Corp,10000+,emily.miller@business.org
854,Jane Davis,Australia,Designer,Gamma PLC,1001-5000,jane.davis@enterprise.net
855,Alex Martinez,Italy,Engineer,Global Industries,10000+,alex.martinez@example.com
856,Laura Brown,USA,CEO,Alpha Inc,1001-5000,laura.brown@enterprise.net
857,Jane Davis,Brazil,Designer,Tech Solutions,10000+,jane.davis@enterprise.net
858,Linda Garcia,France,Engineer,Gamma PLC,1001-5000,linda.garcia@company.com
859,Michael Garcia,France,Manager,Tech Solutions,1-10,michael.garcia@company.com
860,Laura Jones,Australia,Consultant,Acme Corp,501-1000,laura.jones@enterprise.net
861,John Davis,Spain,CTO,Innovate Ltd,501-1000,john.davis@business.org
862,Linda Garcia,Brazil,Consultant,Acme Corp,11-50,linda.garcia@example.com
863,Jane Garcia,Italy,Engineer,Beta LLC,11-50,jane.garcia@business.org
864,Michael Garcia,Canada,Designer,Global Industries,1001-5000,michael.garcia@example.com
865,Robert Williams,India,Intern,Beta LLC,11-50,robert.williams@example.com
866,John Rodriguez,India,CEO,Innovate Ltd,1001-5000,john.rodriguez@business.org
867,Robert Johnson,India,CEO,Innovate Ltd,501-1000,robert.johnson@example.com
868,Michael Jones,Brazil,Engineer,Acme Corp,1001-5000,michael.jones@company.com
869,John Brown,France,Analyst,Tech Solutions,5001-10000,john.brown@example.com
870,Linda Johnson,USA,Intern,Beta LLC,1-10,linda.johnson@enterprise.net
871,Robert Martinez,UK,CTO,Alpha Inc,11-50,robert.martinez@enterprise.net
872,David Smith,India,Consultant,Beta LLC,51-200,david.smith@company.com
873,Robert Rodriguez,Canada,Designer,Gamma PLC,5001-10000,robert.rodriguez@example.com
874,Jane Rodriguez,Spain,Engineer,Tech Solutions,11-50,jane.rodriguez@company.com
875,Jane Williams,UK,Engineer,Acme Corp,201-500,jane.williams@example.com
876,Alex Garcia,Italy,Intern,Innovate Ltd,5001-10000,alex.garcia@business.org
877,John Smith,France,CEO,Gamma PLC,501-1000,john.smith@enterprise.net
878,Alex Martinez,USA,Designer,Gamma PLC,5001-10000,alex.martinez@enterprise.net
879,Emily Brown,France,Analyst,Global Industries,201-500,emily.brown@company.com
880,Sarah Davis,Spain,CFO,Tech Solutions,501-1000,sarah.davis@company.com
881,Linda Brown,UK,Developer,Alpha Inc,11-50,linda.brown@company.com
882,David Smith,Canada,Developer,Acme Corp,1-10,david.smith@business.org
883,David Miller,UK,CEO,Tech Solutions,11-50,david.miller@example.com
884,John Garcia,Spain,CEO,Alpha Inc,501-1000,john.garcia@example.com
885,Laura Williams,Australia,Manager,Gamma PLC,201-500,laura.williams@enterprise.net
886,Alex Miller,Spain,CEO,Acme Corp,51-200,alex.miller@example.com
887,Emily Brown,USA,CFO,Acme Corp,201-500,emily.brown@business.org
888,Emily Garcia,Germany,Engineer,Acme Corp,5001-10000,emily.garcia@example.com
889,Alex Smith,India,Consultant,Alpha Inc,1-10,alex.smith@enterprise.net
890,John Brown,Australia,Analyst,Alpha Inc,10000+,john.brown@business.org
891,Sarah Garcia,Spain,CTO,Gamma PLC,11-50,sarah.garcia@enterprise.net
892,Jane Davis,Germany,Consultant,Acme Corp,1-10,jane.davis@example.com
893,Linda Garcia,UK,Consultant,Innovate Ltd,11-50,linda.garcia@enterprise.net
894,Linda Rodriguez,Spain,Intern,Gamma PLC,1-10,linda.rodriguez@business.org
895,Jane Garcia,India,Engineer,Innovate Ltd,1-10,jane.garcia@company.com
896,Sarah Garcia,UK,Consultant,Alpha Inc,5001-10000,sarah.garcia@company.com
897,David Rodriguez,France,CTO,Acme Corp,51-200,david.rodriguez@business.org
898,Sarah Miller,USA,Designer,Beta LLC,10000+,sarah.miller@company.com
899,Linda Brown,Brazil,CEO,Global Industries,1-10,linda.brown@example.com
900,Sarah Williams,Spain,Engineer,Tech Solutions,1-10,sarah.williams@enterprise.net
901,Linda Brown,Spain,Designer,Acme Corp,201-500,linda.brown@company.com
902,Emily Miller,Spain,Engineer,Beta LLC,201-500,emily.miller@example.com
903,Michael Rodriguez,Australia,Intern,Alpha Inc,1-10,michael.rodriguez@enterprise.net
904,Linda Williams,India,CFO,Beta LLC,10000+,linda.williams@business.org
905,David Garcia,USA,Designer,Beta LLC,1-10,david.garcia@enterprise.net
906,Emily Brown,Germany,Consultant,Innovate Ltd,11-50,emily.brown@example.com
907,Sarah Johnson,Brazil,CTO,Acme Corp,5001-10000,sarah.johnson@enterprise.net
908,Michael Martinez,Australia,Intern,Acme Corp,1-10,michael.martinez@enterprise.net
909,Linda Johnson,Germany,Consultant,Alpha Inc,1-10,linda.johnson@business.org
910,John Miller,USA,Designer,Global Industries,1001-5000,john.miller@company.com
911,Jane Smith,India,Engineer,Gamma PLC,1-10,jane.smith@business.org
912,Linda Martinez,India,Intern,Gamma PLC,1001-5000,linda.martinez@company.com
913,Jane Davis,Australia,Designer,Beta LLC,1001-5000,jane.davis@enterprise.net
914,Emily Smith,Brazil,Consultant,Gamma PLC,1-10,emily.smith@company.com
915,John Garcia,India,Manager,Gamma PLC,501-1000,john.garcia@company.com
916,Emily Miller,Spain,Consultant,Beta LLC,5001-10000,emily.miller@example.com
917,Michael Martinez,UK,Developer,Acme Corp,10000+,michael.martinez@enterprise.net
918,Alex Smith,Germany,CEO,Tech Solutions,1001-5000,alex.smith@business.org
919,Laura Garcia,India,Engineer,Beta LLC,51-200,laura.garcia@company.com
920,Michael Martinez,Australia,Analyst,Beta LLC,11-50,michael.martinez@company.com
921,Linda Rodriguez,Germany,CFO,Global Industries,10000+,linda.rodriguez@company.com
922,Michael Garcia,USA,Consultant,Global Industries,5001-10000,michael.garcia@company.com
923,Jane Johnson,Canada,Consultant,Alpha Inc,1-10,jane.johnson@example.com
924,David Brown,France,Manager,Alpha Inc,501-1000,david.brown@enterprise.net
925,Laura Smith,Australia,Developer,Global Industries,11-50,laura.smith@enterprise.net
926,Michael Rodriguez,France,Manager,Tech Solutions,5001-10000,michael.rodriguez@business.org
927,Jane Rodriguez,India,Consultant,Acme Corp,11-50,jane.rodriguez@company.com
928,Emily Davis,USA,CEO,Alpha Inc,5001-10000,emily.davis@business.org
929,David Williams,USA,Manager,Gamma PLC,5001-10000,david.williams@enterprise.net
930,Sarah Martinez,USA,Intern,Global Industries,1001-5000,sarah.martinez@business.org
931,Robert Johnson,Germany,CEO,Gamma PLC,1-10,robert.johnson@enterprise.net
932,John Rodriguez,Brazil,Intern,Acme Corp,11-50,john.rodriguez@company.com
933,Emily Rodriguez,France,Manager,Gamma PLC,11-50,emily.rodriguez@enterprise.net
934,Laura Rodriguez,Australia,Manager,Alpha Inc,201-500,laura.rodriguez@example.com
935,Laura Brown,Italy,Analyst,Innovate Ltd,501-1000,laura.brown@company.com
936,Linda Smith,Brazil,CEO,Innovate Ltd,1-10,linda.smith@enterprise.net
937,Michael Brown,UK,Engineer,Global Industries,1001-5000,michael.brown@example.com
938,David Williams,Germany,Engineer,Gamma PLC,501-1000,david.williams@business.org
939,Sarah Jones,India,Designer,Global Industries,51-200,sarah.jones@example.com
940,Emily Williams,Spain,Engineer,Alpha Inc,501-1000,emily.williams@enterprise.net
941,Alex Brown,Brazil,Developer,Alpha Inc,51-200,alex.brown@business.org
942,Laura Smith,Italy,Designer,Beta LLC,10000+,laura.smith@enterprise.net
943,Jane Williams,UK,Intern,Acme Corp,501-1000,jane.williams@enterprise.net
944,Robert Brown,India,CFO,Beta LLC,51-200,robert.brown@example.com
945,Jane Brown,UK,Manager,Alpha Inc,501-1000,jane.brown@business.org
946,Linda Rodriguez,France,Analyst,Innovate Ltd,51-200,linda.rodriguez@business.org
947,Michael Miller,France,CTO,Gamma PLC,10000+,michael.miller@business.org
948,Alex Brown,Australia,Developer,Global Industries,201-500,alex.brown@company.com
949,Linda Miller,Spain,Designer,Tech Solutions,201-500,linda.miller@company.com
950,Laura Miller,India,Developer,Gamma PLC,5001-10000,laura.miller@enterprise.net
951,Laura Williams,India,Engineer,Acme Corp,51-200,laura.williams@company.com
952,Emily Brown,Italy,Analyst,Tech Solutions,1-10,emily.brown@enterprise.net
953,David Rodriguez,Australia,CFO,Alpha Inc,201-500,david.rodriguez@company.com
954,Robert Garcia,Brazil,Analyst,Global Industries,5001-10000,robert.garcia@business.org
955,Alex Davis,Australia,Engineer,Tech Solutions,11-50,alex.davis@enterprise.net
956,Emily Martinez,UK,Designer,Alpha Inc,501-1000,emily.martinez@company.com
957,John Rodriguez,India,Analyst,Gamma PLC,501-1000,john.rodriguez@business.org
958,Michael Johnson,USA,Developer,Beta LLC,11-50,michael.johnson@enterprise.net
959,Linda Martinez,USA,Analyst,Alpha Inc,11-50,linda.martinez@enterprise.net
960,Alex Williams,Canada,CEO,Acme Corp,1-10,alex.williams@enterprise.net
961,John Martinez,Spain,Manager,Beta LLC,1001-5000,john.martinez@example.com
962,Alex Williams,France,Manager,Tech Solutions,51-200,alex.williams@company.com
963,Robert Miller,Australia,Consultant,Gamma PLC,1-10,robert.miller@enterprise.net
964,Linda Martinez,USA,Analyst,Global Industries,10000+,linda.martinez@enterprise.net
965,John Smith,Italy,Engineer,Global Industries,11-50,john.smith@business.org
966,Jane Garcia,Germany,Consultant,Acme Corp,501-1000,jane.garcia@example.com
967,Michael Davis,France,CFO,Acme Corp,10000+,michael.davis@example.com
968,Jane Jones,UK,CTO,Innovate Ltd,1001-5000,jane.jones@company.com
969,Michael Jones,France,Engineer,Beta LLC,10000+,michael.jones@example.com
970,Emily Johnson,Spain,CEO,Beta LLC,1001-5000,emily.johnson@example.com
971,Michael Jones,Italy,Engineer,Beta LLC,1001-5000,michael.jones@company.com
972,Linda Garcia,Italy,Designer,Global Industries,501-1000,linda.garcia@example.com
973,Laura Davis,Spain,Analyst,Global Industries,51-200,laura.davis@company.com
974,Alex Williams,France,Analyst,Acme Corp,1-10,alex.williams@company.com
975,Michael Smith,Canada,Manager,Beta LLC,1001-5000,michael.smith@example.com
976,Laura Johnson,Germany,Designer,Innovate Ltd,10000+,laura.johnson@company.com
977,Jane Williams,UK,Intern,Acme Corp,5001-10000,jane.williams@company.com
978,Michael Miller,Brazil,CTO,Alpha Inc,10000+,michael.miller@business.org
979,Linda Williams,UK,CEO,Global Industries,10000+,linda.williams@company.com
980,Emily Martinez,Canada,CTO,Tech Solutions,51-200,emily.martinez@enterprise.net
981,Michael Martinez,India,Developer,Innovate Ltd,201-500,michael.martinez@business.org
982,David Miller,USA,Developer,Global Industries,10000+,david.miller@business.org
983,Sarah Brown,Australia,Intern,Alpha Inc,5001-10000,sarah.brown@business.org
984,David Brown,USA,CEO,Beta LLC,5001-10000,david.brown@company.com
985,John Garcia,Italy,Designer,Global Industries,1-10,john.garcia@example.com
986,Emily Martinez,India,Intern,Alpha Inc,5001-10000,emily.martinez@example.com
987,Michael Johnson,Canada,CEO,Alpha Inc,201-500,michael.johnson@business.org
988,Michael Davis,Germany,Designer,Beta LLC,5001-10000,michael.davis@enterprise.net
989,Michael Davis,Italy,Engineer,Tech Solutions,5001-10000,michael.davis@enterprise.net
990,Jane Garcia,Brazil,CEO,Innovate Ltd,51-200,jane.garcia@example.com
991,Michael Brown,Canada,Designer,Acme Corp,501-1000,michael.brown@example.com
992,Alex Brown,Australia,CTO,Acme Corp,51-200,alex.brown@enterprise.net
993,Laura Brown,Germany,CTO,Tech Solutions,10000+,laura.brown@example.com
994,Robert Martinez,France,Developer,Tech Solutions,5001-10000,robert.martinez@business.org
995,Emily Rodriguez,India,Analyst,Acme Corp,51-200,emily.rodriguez@example.com
996,John Miller,Australia,CFO,Innovate Ltd,11-50,john.miller@business.org
997,Jane Garcia,UK,Manager,Alpha Inc,201-500,jane.garcia@enterprise.net
998,Sarah Miller,USA,CEO,Beta LLC,501-1000,sarah.miller@example.com
999,Laura Jones,Brazil,Designer,Alpha Inc,1-10,laura.jones@company.com
1000,David Jones,India,Intern,Alpha Inc,51-200,david.jones@business.org
